,time,tweet,country,retweet_count,sentiment
134,2019-11-20 11:03:49, It s Blackpink s Lisa on the GalaxyS10  ,Unknown,11910,Neutral
220,2019-11-19 08:50:02,  iKON x Samsung GalaxyS10 Launch Event at Manila Say hello in Manila Philippines Last greeting at Samsung Galaxy S ,Unknown,9951,Neutral
37,2019-11-21 09:42:09, A battery with the power to share power GalaxyS10,United States,1245,Neutral
74,2019-11-21 01:41:23, The next generation GalaxyS10 has arrived Don t miss the moment when it gets unveiled in India RT or this tweet to ,Unknown,1150,Neutral
460,2019-11-16 06:11:10, Do you want to be the NextGenerationFan Here s what you should do Relive the global Unpacked Event  ,India,385,Neutral
595,2019-11-15 04:21:57, Share your answer in the comments using PowerOf10 and stand a chance to win a GalaxyS10 A 14 000 B 17 000 C ,India,226,Positive
407,2019-11-16 22:52:51, The Enjin Wallet is built for HODLers Samsung Blockchain Keystore integration Proven cutting edge security Ad free zero ,United States,93,Neutral
131,2019-11-20 12:02:36,  GalaxyS10 software update alert Take a closer look at how some of the Note10 s innovative and convenient features work on th ,United States,58,Positive
512,2019-11-15 19:39:34, Starting TODAY buy a select SamsungMobile GalaxyS10 or GalaxyNote10 device and get one ON US Keep one and gift the oth ,United States,56,Neutral
526,2019-11-15 18:59:53,Starting TODAY buy a select SamsungMobile GalaxyS10 or GalaxyNote10 device and get one ON US Keep one and gift the other or just keep both for yourself Whatever you choose to do this early holidayseason TMobile has you covered UnrealDeals  ,Unknown,56,Neutral
111,2019-11-20 16:08:04, Let your newest discovery be our newest wallpapers Science themed work by Ketnipz burnttoastcre8v MulgatheArtist ,Unknown,55,Neutral
593,2019-11-15 04:38:05, Welcome to the world of Galaxy Buy a GalaxyNote10 or GalaxyS10 and avail special offers Go ahead choose a combo you ,India,48,Positive
448,2019-11-16 08:27:29, Enjoy the most colourful Holi moments with the Next Generation GalaxyS10 where every hue every emotion looks better th ,Unknown,38,Positive
61,2019-11-21 05:01:10, Put some scream in your screen Halloween wallpapers by gemmacorrell TRNZ MulgatheArtist and more are prowling th ,South Africa,35,Positive
228,2019-11-19 06:21:18, What do you prefer Wired or Wireless mobile samsung technology galaxy galaxynote10 galaxynote10plus galaxys1 ,India,20,Neutral
241,2019-11-19 05:00:14,What do you prefer Wired or Wireless mobile samsung technology galaxy galaxynote10 galaxynote10plus galaxys10plus galaxys10 tablet watch smartwatch  ,Netherlands,20,Neutral
0,2019-11-21 14:47:55,  GalaxyS11 could have up to 57 more battery capacity than the GalaxyS10 Read more   samsung te ,Bangladesh,18,Positive
25,2019-11-21 12:47:25, GalaxyS11 could have up to 57 more battery capacity than the GalaxyS10 Read more   samsung technology rumor tech mobile phone smartphone galaxy S10 S11  ,Netherlands,18,Positive
347,2019-11-17 23:45:19, Boom gt Powered by the Qualcomm Snapdragon 855 and equipped with multi gigabit 5G the premium SamsungMobile GalaxyS1 ,United States,17,Neutral
557,2019-11-15 13:05:01, Samsung understands that all you want is to simplify your daily life amp that s what we ve been working on for years We prese ,Indonesia,14,Neutral
560,2019-11-15 13:00:15,Samsung understands that all you want is to simplify your daily life amp that s what we ve been working on for years We presented Bixby in 2017 to simplify your tasks with easy commands So NeverAfraid to explore many things with GalaxyS10 More info  ,Indonesia,14,Positive
261,2019-11-18 22:03:08, I m living in the future Used CashApp to withdraw 0 01 btc Used a USB to USB C Samsung adapter to connect my new ,Unknown,12,Neutral
267,2019-11-18 21:31:38,I m living in the future Used CashApp to withdraw 0 01 btc Used a USB to USB C Samsung adapter to connect my new OPENDIME to my GalaxyS10 Easily set up the drive from my phone Sent my bitcoin to be HODL d safe and sound I m a fan of SoundMoney  ,United States,12,Neutral
380,2019-11-17 09:06:35, the gross sisters grosssisters proudfamily nubia gine olei theproudfamily disneyplus disney phonecas ,United States,11,Neutral
538,2019-11-15 14:54:40, The brand new GalaxyS10 has arrived Experience the powerful processing power courtesy of Exynos9820 ExynosGalaxyS10 ,India,11,Neutral
403,2019-11-16 23:17:46,the gross sisters grosssisters proudfamily nubia gine olei theproudfamily disneyplus disney phonecases customcases iphone8plus iphone11promax iphone11 galaxys10 galaxys9 iphonex galaxys10plus iphonexsmas iphonexr sketch graffiti art blackartists  ,United States,11,Neutral
573,2019-11-15 09:27:34,With an overall DXOMARK Audio score of 66 the Samsung GalaxyNote10 Plus 5G by SamsungMobile like its LTE sibling is among the top Android phones in our Audio ranking beating its smaller sibling GalaxyS10 Plus by one point Read the full review  ,France,9,Neutral
572,2019-11-15 09:28:48, With an overall DXOMARK Audio score of 66 the Samsung GalaxyNote10 Plus 5G by SamsungMobile like its LTE sibling is amon ,India,9,Neutral
116,2019-11-20 15:51:25, What is your favorite GalaxyNote10 camera feature mobile samsung technology galaxy galaxynote10 galaxynote10p ,Unknown,8,Positive
158,2019-11-20 05:00:12,What is your favorite GalaxyNote10 camera feature mobile samsung technology galaxy galaxynote10 galaxynote10plus galaxys10plus galaxys10 tablet watch smartwatch  ,Netherlands,8,Positive
146,2019-11-20 08:21:23, rt this if you re dying to see these boys but can t make it tomorrow WelcomeToPHGalaxyiKON iKON iKONxSAMSUNGinbkk ,Unknown,8,Neutral
461,2019-11-16 05:47:06, holiday raffle only 2 check pinned raffle happyholidays christmas thanksgiving art phonecases customcses ip ,Unknown,7,Neutral
297,2019-11-18 14:14:03, What color would you get for your GalaxyNote10plus mobile samsung technology galaxy galaxynote10 galaxynote1 ,Unknown,7,Neutral
390,2019-11-17 05:00:07,What color would you get for your GalaxyNote10plus mobile samsung technology galaxy galaxynote10 galaxynote10plus galaxys10plus galaxys10 tablet watch smartwatch  ,Netherlands,7,Neutral
464,2019-11-16 05:45:11,holiday raffle only 2 check pinned raffle happyholidays christmas thanksgiving art phonecases customcses iphonecase iphone8plus iphone11promax iphone11 galaxys10 iphonex galaxys10plus iphonexsmas iphonexr sketch graffiti art blackartists blackart  ,United States,7,Neutral
262,2019-11-18 21:48:11, 1 2 The brand new beach promenade extension in Durban is seriously impressive durbanhasmore eThekwiniM DoKZN ,Unknown,6,Positive
336,2019-11-18 04:45:33,1 2 The brand new beach promenade extension in Durban is seriously impressive durbanhasmore eThekwiniM DoKZN SamsungMobileSA GalaxyS10 KwaZulunatal TravelChatSA meetSouthAfrica  ,South Africa,6,Positive
587,2019-11-15 06:23:54, Who owns a GalaxyS10e mobile samsung technology galaxy galaxys10plus galaxys10 tablet watch smartwatch https ,United States,5,Neutral
49,2019-11-21 06:39:58, Cape Town at night Samsung Galaxy S10 GalaxyS10Plus GalaxyS10 SamsungGalaxy WithGalaxy CapeTown SamsungMobi ,South Africa,5,Neutral
51,2019-11-21 06:30:29,Cape Town at night Samsung Galaxy S10 GalaxyS10Plus GalaxyS10 SamsungGalaxy WithGalaxy CapeTown SamsungMobileSA  ,South Africa,5,Neutral
122,2019-11-20 13:15:34, 2 2 Durban Beach Promenade extension what a bonus even under moody skies durbanhasmore eThekwiniM DoKZN Samsun ,South Africa,5,Neutral
591,2019-11-15 05:00:10,Who owns a GalaxyS10e mobile samsung technology galaxy galaxys10plus galaxys10 tablet watch smartwatch  ,Netherlands,5,Neutral
245,2019-11-19 03:58:05, This is one of the best phones If not the best phone released this year Now the prices have dropped drastically As ,India,5,Positive
181,2019-11-19 18:04:25, 100 like and retweet i will drop 56 college basketball games my biggest drop ever i love my followers thank you remem ,Unknown,5,Positive
193,2019-11-19 15:27:46,100 like and retweet i will drop 56 college basketball games my biggest drop ever i love my followers thank you remember 100 i will drop i always do GamblingTwitter FreePicks Galaxys10 sportsbetting CASHOUTDAILYISAMFLIFESTYLE  ,Unknown,5,Positive
335,2019-11-18 04:45:50,2 2 Durban Beach Promenade extension what a bonus even under moody skies durbanhasmore eThekwiniM DoKZN SamsungMobileSA GalaxyS10 KwaZulunatal TravelChatSA meetSouthAfrica  ,South Africa,5,Neutral
189,2019-11-19 16:29:45, 15 likes retweet i will drop all nba CASHOUTDAILYISAMFLIFESTYLE GamblingTwitter FreePicks Galaxys10 sportsbetting ,United States,5,Neutral
191,2019-11-19 16:08:13, happy holidays to get in the holiday spirit i want to raffle a custom case raffle happyholidays christmas thanks ,Unknown,5,Positive
209,2019-11-19 12:33:19,15 likes retweet i will drop all nba CASHOUTDAILYISAMFLIFESTYLE GamblingTwitter FreePicks Galaxys10 sportsbetting  ,Unknown,5,Neutral
369,2019-11-17 11:48:45, Out for community day today Nice to be with the crew samsung event went awesome and I did pretty well in the shiny count V ,Unknown,4,Positive
278,2019-11-18 17:03:14,  There are no wrong turnings Only paths we had not known we were meant to walk Samsung Galaxy S10 GalaxyS10Plu ,South Africa,4,Neutral
287,2019-11-18 16:19:50, There are no wrong turnings Only paths we had not known we were meant to walk Samsung Galaxy S10 GalaxyS10Plus GalaxyS10 SamsungGalaxy WithGalaxy SamsungMobileSA  ,South Africa,4,Neutral
211,2019-11-19 12:24:22,  SamsungIndia Here s my screenshot PowerOf10 GalaxyNote10 GalaxyS10 Join SanjayJ45449140 JainShantilal12 Rag ,Unknown,4,Neutral
388,2019-11-17 05:16:10,Out for community day today Nice to be with the crew samsung event went awesome and I did pretty well in the shiny count Vlog coming soon Huge shoutouts to holly and Zo for getting the place lit n poppin PokemonGOCommunityDay pokemongonyc OmniSqwad GalaxyS10  ,United States,4,Positive
272,2019-11-18 19:01:52, If you haven t jumped onto the bandwagon yet of Android Messages and still using the stock Samsung Messages app Here are ,Unknown,3,Neutral
469,2019-11-16 05:21:16, Fourth One UI 2 0 beta ZSK9 comes many fixes for the Galaxy S10 series GalaxyS10 OneUI2 0  ,United States,3,Neutral
301,2019-11-18 13:27:55,If you haven t jumped onto the bandwagon yet of Android Messages and still using the stock Samsung Messages app Here are 3 features you need to know Samsung GalaxyNote10 GalaxyNote9 GalaxyS10 GalaxyS9 SamsungMobileUS New Video  ,United States,3,Neutral
470,2019-11-16 04:45:15,Fourth One UI 2 0 beta ZSK9 comes many fixes for the Galaxy S10 series GalaxyS10 OneUI2 0  ,India,3,Neutral
298,2019-11-18 14:03:45, I created some new GalaxyS10 and GalaxyNote10 phone wallpapers for SamsungMobile look out for a cozy Fall wallpaper ,Malaysia,3,Neutral
126,2019-11-20 12:54:46,Super slow mo shandis withGalaxy GalaxyS10 Thanks for sharing KM  ,South Africa,3,Neutral
69,2019-11-21 02:41:56, Oh My God Look at this neck to neck competition between these two best phones of 2019 The iPhone 11 Pro and Samsung ,Unknown,3,Positive
54,2019-11-21 05:26:34, How active are you with your GalaxyWatchActive2 mobile GalaxyWatchActive samsung technology galaxy galaxynote1 ,Unknown,3,Neutral
38,2019-11-21 09:29:40, Super slow mo shandis withGalaxy GalaxyS10 Thanks for sharing KM  ,Unknown,3,Neutral
60,2019-11-21 05:01:13,How active are you with your GalaxyWatchActive2 mobile GalaxyWatchActive samsung technology galaxy galaxynote10 galaxynote10plus galaxys10plus galaxys10 tablet watch smartwatch  ,Netherlands,3,Neutral
47,2019-11-21 07:46:46, The first of many wallpapers I ll be designing exclusively for SamsungMobile Together we ll be releasing new wall ,India,3,Neutral
197,2019-11-19 14:58:19,Updated picks are here GamblingTwitter FreePicks Galaxys10 sportsbetting CASHOUTDAILYISAMFLIFESTYLE  ,Unknown,2,Neutral
543,2019-11-15 14:30:18,Download fourth One UI 2 0 beta for the Galaxy S10e S10 and S10 ZSK9 GalaxyS10 Samsung OneUI2 0  ,Unknown,2,Neutral
563,2019-11-15 12:35:01, Android10 on GalaxyS10 has never arrived faster is fragmentation over  ,Unknown,2,Neutral
196,2019-11-19 14:59:27, Updated picks are here GamblingTwitter FreePicks Galaxys10 sportsbetting CASHOUTDAILYISAMFLIFESTYLE  ,Unknown,2,Neutral
562,2019-11-15 12:41:25,  Android10 on GalaxyS10 has never arrived faster is fragmentation over  ,South Africa,2,Neutral
85,2019-11-20 22:30:31,black chinese snake rose simple aesthetic art diy phonecases customcases iphonecase iphone8plus iphone11promax iphone11 galaxys10 galaxys9 iphonex galaxys10plus iphonexsmas iphonexr graffiti art blackartists blackart sketch supportblackart  ,United States,2,Neutral
40,2019-11-21 09:28:29, Wallpapers homescreen lockscreen Background android Samsung gradient Google walls painter Pixel4 Private Disk N 0041 Wallpaper for GalaxyS10 GalaxyS10Plus gt gt Like Follow Retweet lt lt Prod By Hk3ToN  ,France,2,Neutral
549,2019-11-15 13:43:37, The super powerful Samsung GalaxyS10 is now available at our lowest ever price during our BlackFriday event Get it w ,United Kingdom,2,Positive
551,2019-11-15 13:30:18,The super powerful Samsung GalaxyS10 is now available at our lowest ever price during our BlackFriday event Get it while you can  Offer ends 1 12 19  ,United Kingdom,2,Positive
554,2019-11-15 13:16:01,The RCS Messaging rollout is happening now on Android Messages Screw the carriers Google has pushed it You ll see it in the coming weeks RCSMessaging AndroidMessages SamsungMobileUS GalaxyNote10Plus GalaxyS10 New Video  ,United States,2,Neutral
548,2019-11-15 13:57:22,Samsung releases One UI 2 0 4th beta ZSK9 with many fixes for the Galaxy S10 series GalaxyS10 OneUI2 0 Android10  ,Unknown,2,Positive
540,2019-11-15 14:41:04, Download fourth One UI 2 0 beta for the Galaxy S10e S10 and S10 ZSK9 GalaxyS10 Samsung OneUI2 0  ,United States,2,Neutral
535,2019-11-15 15:43:07, Samsung releases One UI 2 0 4th beta ZSK9 with many fixes for the Galaxy S10 series GalaxyS10 OneUI2 0 Android10 http ,Unknown,2,Positive
484,2019-11-16 00:01:35, The RCS Messaging rollout is happening now on Android Messages Screw the carriers Google has pushed it You ll see it ,Unknown,2,Neutral
533,2019-11-15 16:22:16, Pay your SuperNet and Postpaid bill via Ooredoo App and stand a chance to WIN a GalaxyS10 every week Pay now ht ,Unknown,2,Positive
94,2019-11-20 19:31:00,Galaxy S10 Lite camera s specifications leaked yet again Galaxy S11 5G codename is Y2 GalaxyS10 Lite GalaxyS10Lite Samsung  ,China,2,Neutral
92,2019-11-20 20:34:48, Galaxy S10 Lite camera s specifications leaked yet again Galaxy S11 5G codename is Y2 GalaxyS10 Lite GalaxyS10Lite Sa ,Unknown,2,Neutral
527,2019-11-15 18:42:30, Forget Samsung s Galaxy S10 And Note 10 This Is The Smartphone To Buy  ,United States,2,Neutral
82,2019-11-20 22:47:00, black chinese snake rose simple aesthetic art diy phonecases customcases iphonecase iphone8plus i ,India,2,Neutral
39,2019-11-21 09:29:16,  Wallpapers homescreen lockscreen Background android Samsung gradient Google walls painter Pixel4 Private Disk N 00 ,Unknown,2,Neutral
20,2019-11-21 12:52:03, Wallpapers homescreen lockscreen Background android Samsung gradient Google walls free Pixel4 Public N 0023 Wallpaper for GalaxyS10 GalaxyS10Plus   gt gt Like Follow Retweet lt lt Prod By Hk3ToN  ,France,1,Neutral
379,2019-11-17 09:18:45, Don t worry be happy Shot with samsungmobile SamsungMobileUS selfie bosslady smile followforfollowback over ,United States,1,Positive
87,2019-11-20 21:15:11,Which screen protector will you choose for your valuable GalaxyS10 Glass with cutout hole or PET film or WhitestoneDomeGlass Exclusive TEMPERED glass screen protector for Ultrasonic FP You don t need a hole in the middle SHOP NOW gt  ,Germany,1,Neutral
337,2019-11-18 04:34:40, Don t worry be happy Shot with SamsungMobile SamsungMobileUS sundayvibes SundayFunday selfie bosslady smile ,United States,1,Positive
182,2019-11-19 18:02:46,  Wallpapers homescreen lockscreen Background android Samsung gradient Google walls free Pixel4 Public N 0021 Wall ,India,1,Neutral
27,2019-11-21 12:30:07, NO JOKE Samsung just filled a patent on THIS Cc letsgodigital Samsung cooltech GalaxyS10  ,Unknown,1,Positive
539,2019-11-15 14:45:06, T Mobile rolling out a new software update to the Galaxy S10e S10 S10 and S9 series GalaxyS10 GalaxyS0 Samsung http ,United States,1,Neutral
89,2019-11-20 20:55:46, SAMSUNG Galaxy S10 Captain America Glass Case   GalaxyS10 galaxys10  ,Unknown,1,Neutral
73,2019-11-21 01:43:02,Day 10 of   giveaways GalaxyNote10 GalaxyS10  ,United States,1,Neutral
344,2019-11-18 00:57:48,Don t worry be happy Shot with SamsungMobile SamsungMobileUS sundayvibes SundayFunday selfie bosslady smile followforfollowback over50 tgif beachliving positivethinking weekend GalaxyS10 keeppositive palosverdes happy  ,United States,1,Positive
216,2019-11-19 09:23:39, Wallpapers homescreen lockscreen Background android Samsung gradient Google walls free Pixel4 Public N 0021 Wallpaper for GalaxyS10 GalaxyS10Plus   gt gt Like Follow Retweet lt lt Prod By Hk3ToN  ,France,1,Neutral
273,2019-11-18 18:50:27,Sunrise in San Pedro Shot with SamsungMobileUS MondayMood GalaxyS10 today California nature naturephotography samsungusa abc7eyewitness sunrise mobilephotography  ,United States,1,Neutral
373,2019-11-17 10:13:31, Wallpapers homescreen lockscreen Background android Samsung gradient Google walls free Pixel4 Public N 0018 Wallpaper for GalaxyS10 GalaxyS10Plus   gt gt Like Follow Retweet lt lt Prod By Hk3ToN  ,France,1,Neutral
28,2019-11-21 12:25:06,NO JOKE Samsung just filled a patent on THIS Cc letsgodigital Samsung cooltech GalaxyS10  ,United States,1,Positive
270,2019-11-18 19:47:01, SamsungMobileUS rules GalaxyS10 MondayMood  ,United States,1,Neutral
269,2019-11-18 20:14:42, Sunrise in San Pedro Shot with SamsungMobileUS MondayMood GalaxyS10 today California nature naturephotograph ,United States,1,Neutral
409,2019-11-16 22:00:48,Don t worry be happy Shot with samsungmobile SamsungMobileUS selfie bosslady smile followforfollowback over40 tgif beachliving positivethinking weekend GalaxyS10 keeppositive palosverdes happy  ,United States,1,Positive
246,2019-11-19 03:37:23,  SamsungMobileUS rules GalaxyS10 MondayMood  ,United States,1,Neutral
408,2019-11-16 22:05:11,Don t worry be happy Shot with SamsungMobileUS bosslady smile beachliving positivethinking weekend GalaxyS10 keeppositive happy  ,United States,1,Positive
443,2019-11-16 09:43:30, Wallpapers homescreen lockscreen Background android Samsung gradient Google walls free Pixel4 Public N 0017 Wallpaper for GalaxyS10 GalaxyS10Plus   gt gt Like Follow Retweet lt lt Prod By Hk3ToN  ,France,1,Neutral
358,2019-11-17 14:50:57, NHL picks 10 likes and retweets I will drop its Sunday i drop 21 free picks only GamblingTwitter FreePicks Galax ,Brazil,1,Neutral
359,2019-11-17 14:50:41,NHL picks 10 likes and retweets I will drop its Sunday i drop 21 free picks only GamblingTwitter FreePicks Galaxys10 sportsbetting cashoutdaily  ,Unknown,1,Neutral
10,2019-11-21 13:32:09,  Wallpapers homescreen lockscreen Background android Samsung gradient Google walls free Pixel4 Public N 0023 Wall ,India,1,Neutral
120,2019-11-20 13:43:58, Which screen protector will you choose for your valuable GalaxyS10 Glass with cutout hole or PET film or Whitesto ,Unknown,1,Neutral
362,2019-11-17 13:22:32,  Wallpapers homescreen lockscreen Background android Samsung gradient Google walls free Pixel4 Public N 0018 Wall ,India,1,Neutral
64,2019-11-21 03:25:16, I originally bought my GalaxyS10 because I wanted a change of pace from iPhone and for the expandable memory being that ,South Africa,1,Positive
65,2019-11-21 03:19:01, Day 10 of  ,United States,1,Neutral
9,2019-11-21 13:32:16,   GalaxyS11 could have up to 57 more battery capacity than the GalaxyS10 Read more   samsung technology rumor tech mobile phone smartphone galaxy S10 S11  ,India,1,Positive
282,2019-11-18 16:31:52, Samsung Galaxy M30s comes with a stellar battery for a mid range smartphone Check out here   Monda ,Nigeria,1,Neutral
283,2019-11-18 16:31:41,Samsung Galaxy M30s comes with a stellar battery for a mid range smartphone Check out here   MondayMotivation Samsung GalaxyNote10 Galaxy GalaxyS10Plus GalaxyA GalaxyFold GalaxyM30s GalaxyM30s GalaxyALife GalaxyS10 PhonesCounter,Canada,1,Neutral
314,2019-11-18 11:06:08, Wallpapers homescreen lockscreen Background android Samsung gradient Google walls free Pixel4 Public N 0020 Wallpaper for GalaxyS10 GalaxyS10Plus   gt gt Like Follow Retweet lt lt Prod By Hk3ToN  ,France,1,Neutral
79,2019-11-20 22:55:40, Which screen protector will you choose for your valuable GalaxyS10 Glass with cutout hole or PET film or Whiteston ,Unknown,1,Neutral
498,2019-11-15 21:21:12,Here s how to do Quick Replies and Quick Responses on your Samsung Samsung SamsungMessages SamsungMobileUS GalaxyNote10 GalaxyS10 New Video  ,United States,1,Neutral
475,2019-11-16 02:52:15, Here s how to do Quick Replies and Quick Responses on your Samsung Samsung SamsungMessages SamsungMobileUS GalaxyNot ,United States,1,Positive
303,2019-11-18 13:00:23,Best Galaxy S10 amp GalaxyS10 Screen Protectors in 2019 androidcentral GalaxyS10Plus screen protectors gt   GalaxyS10 screen protector gt   WhitestoneDomeGlass screenprotector premium SHOP NOW gt  ,Unknown,1,Positive
305,2019-11-18 12:09:21,  AmazonReview for AppleWatch This worked awesome No air bubbles Very touch sensitive and you no longer can see the ,South Korea,1,Positive
307,2019-11-18 12:00:37, AmazonReview for AppleWatch This worked awesome No air bubbles Very touch sensitive and you no longer can see the scratches   WhitestoneDomeGlass screenprotector GalaxyS10 GalaxyS10Plus iPhone AppleWatch P30Pro SHOP NOW gt  ,Unknown,1,Positive
308,2019-11-18 11:51:33,  Wallpapers homescreen lockscreen Background android Samsung gradient Google walls free Pixel4 Public N 0020 Wall ,India,1,Neutral
397,2019-11-17 00:26:39, Don t worry be happy Shot with SamsungMobileUS bosslady smile beachliving positivethinking weekend GalaxyS1 ,United States,1,Positive
204,2019-11-19 13:44:14, Best Galaxy S10 amp GalaxyS10 Screen Protectors in 2019 androidcentral GalaxyS10Plus screen protectors gt  ,Unknown,1,Positive
44,2019-11-21 08:38:30, Wallpapers homescreen lockscreen Background android Samsung gradient Google walls painter Pixel4 Private Disk N 0040 Wallpaper for GalaxyS10 GalaxyS10Plus gt gt Like Follow Retweet lt lt Prod By Hk3ToN  ,France,1,Neutral
78,2019-11-20 23:55:13,I originally bought my GalaxyS10 because I wanted a change of pace from iPhone and for the expandable memory being that I take a lot of photos This is how that turned out Fucking memes man  ,Unknown,1,Neutral
381,2019-11-17 08:47:56,   What color would you get for your GalaxyNote10plus mobile samsung technology gal ,Ghana,1,Neutral
417,2019-11-16 18:37:29,  Wallpapers homescreen lockscreen Background android Samsung gradient Google walls free Pixel4 Public N 0017 Wall ,India,1,Neutral
195,2019-11-19 15:03:44,SAMSUNG Galaxy S10 Captain America Glass Case   GalaxyS10 galaxys10  ,Unknown,1,Neutral
382,2019-11-17 08:03:23,  What color would you get for your GalaxyNote10plus mobile samsung technology galaxy galaxynote10 galaxynote10plus galaxys10plus galaxys10 tablet watch smartwatch  ,India,1,Neutral
432,2019-11-16 13:05:00,Early leans this may change a little GamblingTwitter FreePicks Galaxys10 sportsbetting cashoutdaily  ,Unknown,1,Neutral
431,2019-11-16 13:05:26, Early leans this may change a little GamblingTwitter FreePicks Galaxys10 sportsbetting cashoutdaily  ,Brazil,1,Neutral
492,2019-11-15 22:34:46,It s almost never lupus aroundtown trippin wandering bucharest nights city walls shotongalaxy GalaxyS10 instapic instamoment instamood  ,Romania,0,Neutral
86,2019-11-20 21:24:55, samsunggalaxys10lite listed on FCC SamsungGalaxy samsunggalaxys11 GalaxyS10 In this information I watch that many other leakers are adding their tag whether it s available anywhere but need to find so surprising rudhranandu Certification 8ap Luttu 27 AmreliaRuhez  ,India,0,Positive
121,2019-11-20 13:33:07,Samsung S10 lite specs leaked samsung samsungs10 GalaxyS10  ,Unknown,0,Neutral
493,2019-11-15 22:33:00,Censored fun aroundtown trippin wandering baloons atraction red white green nature shotongalaxy GalaxyS10 instapic instamoment instamood  ,Romania,0,Neutral
455,2019-11-16 06:30:26,Forgive the poor video but here s my really quick review of one month with MousCase for the GalaxyS10Plus There s a giveaway for one lucky GalaxyS10 user  ,United States,0,Neutral
101,2019-11-20 18:18:10,Taking advantage of the only clear date in Prague Part 2 galaxys10 lightroommobile djiosmomobile3 St Nicholas Church  ,United States,0,Neutral
491,2019-11-15 22:35:49,2gether chill aroundtown trippin wandering bucharest nights city walls shotongalaxy GalaxyS10 instapic instamoment instamood  ,Romania,0,Neutral
102,2019-11-20 18:14:16,Taking advantage of the only clear date in Prague Video part 2 galaxys10 lightroommobile djiosmomobile3 St Nicholas Church  ,United States,0,Neutral
472,2019-11-16 04:02:03, WheresScotty SmackDown YLeague Samsung GalaxyS10 G973 8GB 128GB BlueWave Hobi Dual SIM 6 1 Infinity O Screen AMOLED Roger Stone Camera 12 MP 12 MP 16MP Exynos 9820 Processor 8GB Gold Fields  ,Unknown,0,Neutral
471,2019-11-16 04:15:06, WheresScotty SmackDown YLeague Samsung GalaxyS10 G973 8GB 128GB Blue Hobi Dual SIM 6 1 Infinity O Screen AMOLED Roger Stone Camera 12 MP 12 MP 16MP Exynos 9820 Processor 8GB Gold Fields Get You GalaxyS10 Free  ,Unknown,0,Neutral
476,2019-11-16 02:29:48,Download the fourth One UI 2 0 beta for the Galaxy S10e S10 and S10 Samsung Oneui GalaxyS10  ,India,0,Neutral
100,2019-11-20 18:41:37,This dont seem to bad lets eat CASHOUTDAILYISAMFLIFESTYLE GamblingTwitter FreePicks Galaxys10 sportsbetting  ,Unknown,0,Negative
99,2019-11-20 19:05:09,What if you could charge all your devices on the fly even if you forgot their chargers Your GalaxyS10 can share its power and charge another phone or watch All you need to do is place the two devices together  ,Canada,0,Positive
103,2019-11-20 18:05:47,Taking advantage of the only clear date in Prague galaxys10 lightroommobile djiosmomobile3 St Nicholas Church  ,United States,0,Neutral
479,2019-11-16 01:18:59, Win the Samsung Galaxy S10e international giveaway via AndroidAuth SamsungUS Enter at  ,United States,0,Positive
104,2019-11-20 17:54:05,What could we say about this just to capture it s picture where I literally called it Quite an impressive response galaxys10 SamsungMobile  ,India,0,Positive
105,2019-11-20 17:46:12,Anyone know how to get this back to English on my GalaxyS10 SamsungMobile  ,United Kingdom,0,Neutral
466,2019-11-16 05:27:11,Sassiest Seagull I ve ever seen GalaxyS10 SantaMonicaPier Seagull  ,Singapore,0,Neutral
96,2019-11-20 19:07:53,According to rumours the flagship smartphones Samsung GalaxyS11 next year will be able to work much longer autonomously than the GalaxyS10 models of this year  ,Pakistan,0,Neutral
108,2019-11-20 16:45:21,Prague Astronomical Clock Close up galaxys10 lightroommobile Astronomical Tower Prague  ,United States,0,Neutral
109,2019-11-20 16:44:30,Prague Astronomical Clock galaxys10 lightroommobile Astronomical Tower Prague  ,United States,0,Neutral
95,2019-11-20 19:15:11,The best Samsung Galaxy S10 Plus screen protectors Guard your Galaxy with the best Samsung Galaxy S10 Plus screen protectors   GalaxyS10 WhitestoneDomeGlass Samsung screenprotector SHOP NOW gt  ,Unknown,0,Positive
110,2019-11-20 16:30:49,Leaked specs about the Samsung Galaxy S10 Lite point to the phone outshining the S10 GalaxyS10 S10Lite Samsung  ,United Kingdom,0,Neutral
113,2019-11-20 15:53:21,iPhone 11 vs Galaxy S10 What s the Difference  ,India,0,Neutral
93,2019-11-20 19:46:43,AD On my way to my office Swipe left to see how my office in Vienna looks like Gadgets featured my GalaxyTabS6 and my GalaxyS10 samsungaustria TeamGalaxy Vienna Austria  ,Austria,0,Neutral
119,2019-11-20 14:44:00, SamMobiles Any news for GalaxyS10 GalaxyS10Plus Exynos version Global release for Android10 ,India,0,Neutral
36,2019-11-21 10:06:46,CYBER MONDAY ARE ALMOST HERE starting 11 18 Save up to 40 off on the best glass screen protector WhitestoneDomeGlass gt gt   CyberMonday PROMOTION screenprotector GalaxyNote10Plus OnePlus7TPro iPhone11ProMax GalaxyS10  ,Unknown,0,Positive
35,2019-11-21 10:09:44, Repost techmaniack Which one will you choose Yes or No What Do You Think Galaxys10plus honorview20 techgeeks galaxys10 instadroid  ,Canada,0,Neutral
33,2019-11-21 10:59:58,WhatsApp group Galaxy S10 series getting 6th One UI 2 0 beta ZSKJ update heading to stable release s10 GalaxyS10,Unknown,0,Neutral
574,2019-11-15 08:50:22, Wallpapers homescreen lockscreen Background android Samsung gradient Google walls painter Pixel4 Private Disk N 0025 Wallpaper for GalaxyS10 GalaxyS10Plus gt gt Like Follow Retweet lt lt Prod By Hk3ToN  ,France,0,Neutral
575,2019-11-15 08:48:18, Wallpapers homescreen lockscreen Background android Samsung gradient Google walls free Pixel4 Public N 0016 Wallpaper for GalaxyS10 GalaxyS10Plus   gt gt Like Follow Retweet lt lt Prod By Hk3ToN  ,France,0,Neutral
576,2019-11-15 08:46:04, Wallpapers homescreen lockscreen Background android Samsung gradient Google walls painter Pixel4 Private Disk N 0024 Wallpaper for GalaxyS10 GalaxyS10Plus gt gt Like Follow Retweet lt lt Prod By Hk3ToN  ,France,0,Neutral
586,2019-11-15 06:39:57,The grandiose and the serenity of Gurpurab captured using GalaxyS10 the next generation Galaxy SamsungIndia  ,India,0,Neutral
15,2019-11-21 13:00:44,I really miss my old RAZR but this one is pretty expensive at 1499 Verizon Only You can get a 1 TB Samsung GalaxyS10 for less So sad  ,United States,0,Neutral
592,2019-11-15 04:45:21, Samsung Galaxy Note 10 amp 10 Buy   SamsungGalaxyNote10 GalaxyS10 Samsung,India,0,Neutral
594,2019-11-15 04:22:23, SamsungIndia Answer C 18 970 PowerOf10 GalaxyS10 GalaxyNote10 SamsungIndia Commenting continuously and hoping to win,India,0,Positive
4,2019-11-21 14:23:36,Galaxy S10 receives fifth One UI 2 beta update GalaxyS10 Samsung OneUI2 news update  ,China,0,Neutral
3,2019-11-21 14:25:14,Galaxy S10 receives fifth One UI 2 beta update GalaxyS10 Samsung OneUI2 technews techupdates techsaala  ,India,0,Neutral
2,2019-11-21 14:37:51, GalaxyS11 will released in the Month of Jan Or may be in the last week of Jan 2020 early then GalaxyS10 was in Feb 20 as i know so far but take this lightly ,India,0,Neutral
598,2019-11-15 04:03:21,New phone on black Friday GalaxyS10 here I come,Unknown,0,Neutral
567,2019-11-15 12:09:56,This isn t even NightMode SamsungMobile GalaxyS10 SamsungIndia UltraWide  ,India,0,Neutral
561,2019-11-15 12:41:42,Thank you birminghamDMDR for your time learning about samsung Congratulations to our Oct sales incentive winners lakeshiashine amp Kelly and Lucy not pictured Thank you for the support tugglenation galaxys10 samsunglife bjtaylor anthonytuggle itsajoy2shine  ,United States,0,Neutral
528,2019-11-15 18:41:29, ImpeachingHearings day6inmelbourne ReleaseTheSnyderCut DAY6inAustralia haroldholt Samsung s GalaxyS10 lineup of phones is perhaps the most expansive and extensive line of devices to share the same basic name Get a BrandNew Galaxy S10  ,Unknown,0,Neutral
510,2019-11-15 19:50:33, ImpeachingHearings day6inmelbourne ReleaseTheSnyderCut DAY6inAustralia haroldholt ASMSG however resembles a with a flat display panel and more rounded corners S10E s display resolution is also lower at roughly 1080p Get a Brand New GalaxyS10  ,Unknown,0,Neutral
511,2019-11-15 19:43:20, ImpeachingHearings day6inmelbourne ReleaseTheSnyderCut day6inmelbourne ReleaseTheSnyderCut In the current climate cheaper handsets make the S10almost too easy to overlook But with top Features and greatsoftware get your free GalaxyS10  ,Unknown,0,Positive
76,2019-11-21 01:05:02,What s better P20 Pro or Galaxy S10 Check  ,Unknown,0,Positive
72,2019-11-21 02:15:28,Prague was pretty dope on to Berlin next galaxys10 lightroommobile Prague Czech Republic  ,United States,0,Neutral
68,2019-11-21 02:49:02, easyJet MasseyRob Well this deserves a retweet easyJet live night myself too photo pro mode Samsung GalaxyS10 5G  ,Switzerland,0,Neutral
63,2019-11-21 03:31:03,Hear TechBurstAsia s Gin amp Tonic podcast w Asia s device guru BryanBMa to find out his take on the latest smarthphones Apple iPhone11 Google Pixel4 Samsung GalaxyS10 Huawei mate30 and a bit about wearables as well CRASingapore  ,Singapore,0,Positive
62,2019-11-21 04:48:47,Galaxy S10 series getting 6th One UI 2 0 beta ZSKJ update heading to stable release GalaxyS10 OneUI2 0 Android10  ,Unknown,0,Neutral
59,2019-11-21 05:01:44,Sixth One UI 2 0 beta for the Galaxy S10 now available OneUI2 0 Android10 GalaxyS10  ,India,0,Positive
534,2019-11-15 15:59:08,Galaxy S10 family is receiving the fourth Android 10 based One UI 2 beta GalaxyS10 OneUI2 news beta Android10 update  ,China,0,Neutral
48,2019-11-21 06:42:14,Sixth One UI 2 0 beta for the Galaxy S10 series available to download in more regions OneUI2 0 Samsung GalaxyS10  ,Unknown,0,Positive
529,2019-11-15 18:06:22, DAY6inMelbourne ImpeachingHearings DAY6inAustralia ReleaseTheSnyderCut The midsize Samsung Galaxy S10 has all the attractive features of the S10 for less money but we still think the smaller S10e is a better buy Get a Free brand new GalaxyS10  ,Unknown,0,Neutral
428,2019-11-16 14:06:59, Samsung November Blue Fest sale Discounts offered on GalaxyTabS5e GalaxyNote10 GalaxyS10 among others  ,India,0,Neutral
331,2019-11-18 05:22:48, SamsungGalaxyA51 might have hybrid footprint of GalaxyNote10 and GalaxyS10 Samsung GalaxyA51 Android OneUi SamsungGalaxy,India,0,Neutral
324,2019-11-18 08:18:18, Samsung Patent for four sides curved display so it gives a reminder of old edge series samsunggalaxys11 GalaxyNote10 GalaxyNote10Plus GalaxyS10 GalaxyFold AmreliaRuhez TrakinTech technicaldost sharmajitech  ,India,0,Neutral
199,2019-11-19 14:30:41,Samsung Game U event in NYC this Friday Listen to a discussion on gaming innovations Network Play with Samsung technology Get more info amp RSVP here   samsungexperience galaxynote galaxynote10 galaxys10plus galaxys10  ,United States,0,Neutral
315,2019-11-18 10:53:04, Wallpapers homescreen lockscreen Background android Samsung gradient Google walls painter Pixel4 Private Disk N 0035 Wallpaper for GalaxyS10 GalaxyS10Plus gt gt Like Follow Retweet lt lt Prod By Hk3ToN  ,France,0,Neutral
203,2019-11-19 13:59:53, Samsung GalaxyS10 Lite camera specification exposure rear use 48MP main camera 5MP 12MP front 32MP battery capacity 4370mAh  ,India,0,Neutral
311,2019-11-18 11:32:11, save us LiberateHongKong nochinaextradition letmefree HongKonger hkboy takephoto film filmphotography freedom freedomhk hongkong saveus galaxys10 photography HongKongProtest FreedomHongKong kuji 90s November  ,Hong Kong,0,Neutral
206,2019-11-19 13:16:24,Can you Guess This Device Follow TechnicalAll18 samsung galaxya7 galaxya9 samsungs10 a9 galaxys10 s10plus samsungs10plus s10 galaxys10plus samsunggalaxy galaxynote8 thenextgalaxy instatech s9 note8 galaxynote9 android galaxys9 galaxys9plus s9plus  ,India,0,Neutral
210,2019-11-19 12:30:32,It s November the something and that means another Black Friday deal approaches This time it s Samsung with sales on smartphones headphones and smartwatches Samsung BlackFriday GalaxyS10  ,United Kingdom,0,Neutral
304,2019-11-18 12:42:35,Late autumninal effects in Panjab university OfficialPU Shit on SamsungIndia galaxys10  ,India,0,Neutral
128,2019-11-20 12:41:40,Hello Guys What s up Do you want to get a brand new Samsung Galaxy S10 Just click the below link and follow the instruction you will get a brand new Samsung Galaxy S10 Cheers Click Here gt   Samsung SamsungGalaxy GalaxyS10 mobile  ,Unknown,0,Neutral
353,2019-11-17 16:03:50, 4Scarrs Gaming TV Maybe my GalaxyS10 in the future if possible But TV for sure I grew up gaming on a TV and it s my preferred option ,Canada,0,Neutral
178,2019-11-19 19:07:25, SamsungGalaxy GalaxyS10 Get a New Galaxy S10 Now  ,United States,0,Neutral
348,2019-11-17 19:59:34,If the s10e doesn t have a heart rate monitor then what is this GalaxyS10 s10e  ,Unknown,0,Neutral
342,2019-11-18 03:33:27, matingritual matingritualband last night in dtla matingritual galaxys10  ,Unknown,0,Neutral
340,2019-11-18 03:45:30,Comment S five times in a row for Samsung comment A five times for apple Follow TechnicalAll18 samsung galaxyfold foldingphone android oneui samsungnote8 galaxynote8 galaxynote9 samsungfans s10 s10e galaxynote10 note10 noteseries samsung galaxys10  ,India,0,Neutral
212,2019-11-19 11:50:14, Xbox Xcloud vs GoogleStadia Playing both plus PlaystationNow streaming and Xbox is by far the best Playing real games on my galaxys10 has been amazing I m no longer going to get an NintendoAmerica s NintendoSwitch because of how well Xcloud works  ,United States,0,Positive
1,2019-11-21 14:45:10,Samsung Galaxy S10 Lite specs sound anything but Lite in latest leak  ,India,0,Positive
299,2019-11-18 13:55:05,Samsung Note 10 2nd amp Note 9 1st Android 10 beta Update getting next week Samsung GalaxyNote10 GalaxyS9 GalaxyS10 GalaxyNote9 Smartphones prices specs features Android10  ,Saudi Arabia,0,Neutral
275,2019-11-18 18:35:35,Here is one super helpful feature built into the Samsung Messages App How would you use it Samsung GalaxyNote10 GalaxyS10 SamsungMobileUS New Video  ,United States,0,Neutral
236,2019-11-19 05:25:25,Unlocked the power of creativity Now shoot epic pictures and videos and edit on the go with the intelligent S Pen Super Steady mode and Ultra Wide Camera GalaxyS10 GalaxyNote10Plus PowerOf10  ,India,0,Neutral
271,2019-11-18 19:13:16,Samsung has quickly rolled out Beta 5 of OneUI2 for the GalaxyS10 series with more bugfixes Grab the OTA and install it right now on your S10 S10 S10e  ,India,0,Positive
242,2019-11-19 04:26:03,Fifth One UI 2 0 beta for the Galaxy S10 series available in the US T Mobile and Sprint OneUI2 0 GalaxyS10 Android10  ,Unknown,0,Positive
266,2019-11-18 21:37:46, GalaxyS10 features a large curved edge screen amp puts vault like security at fingertips with new Ultrasonic Fingerprint Scanner With a front camera and 3 rear cameras including an ultra wide and ultra zoom lens its easy to capture photos blackfriday  ,United States,0,Neutral
265,2019-11-18 21:38:02,Where can you find constant lasers and long buildups neongarden lasers lasershow techno trance trancefamily edc edcorlando withgalaxy galaxy galaxys10 samsung samsunggalaxy weekend weekendvibes  ,United States,0,Neutral
243,2019-11-19 04:12:25,I just took off my screen protector and lemme tell you feels fuckin amazing samsung GalaxyS10,United States,0,Positive
247,2019-11-19 02:01:15, GalaxyS10 raw Night shot  ,United States,0,Neutral
250,2019-11-19 00:23:08, Repost iphonezty Is This New Samsung Galaxy S11 Let us know in comment By samsung unleashed samsung galaxya7 galaxya9 samsungs10 a9 galaxys10 s10plus infinitydisplay  ,Canada,0,Neutral
277,2019-11-18 17:03:18,RT gizbot Samsung has started rolling out its latest Android 10 based One UI 2 0 beta 4 update to its GalaxyS10 series SamsungIndia  ,India,0,Positive
226,2019-11-19 07:08:02,Want to know the expert s view on which smartphones live up to the hype Do we need a foldable smartphone How much is too much for a phone TechBurstAsia talks w Asia s top device guru IDC s bryanbma to find out iPhone11 Pixel4 GalaxyS10  ,Singapore,0,Neutral
290,2019-11-18 15:45:05,How to download 5th One UI 2 0 beta for the Galaxy S10e S10 and S10 Samsung OneUI GalaxyS10  ,India,0,Neutral
215,2019-11-19 09:33:55, Wallpapers homescreen lockscreen Background android Samsung gradient Google walls painter Pixel4 Private Disk N 0037 Wallpaper for GalaxyS10 GalaxyS10Plus gt gt Like Follow Retweet lt lt Prod By Hk3ToN  ,France,0,Neutral
218,2019-11-19 08:58:39, Wallpapers homescreen lockscreen Background android Samsung gradient Google walls painter Pixel4 MacBookPro16 V1 Silver Private Disk N 0036 Wallpaper for GalaxyS10 GalaxyS10Plus gt gt Like Follow Retweet lt lt Prod By Hk3ToN  ,France,0,Neutral
293,2019-11-18 14:50:13,Galaxy S10 series getting 5th One UI 2 0 beta ZSKF update could be last GalaxyS10 OneUI2 0 Android10  ,Unknown,0,Neutral
292,2019-11-18 15:06:35,Got sent the wrong size screen protector so now I m a nervous wreck around my phone till another comes GalaxyS10 SamsungUK,United Kingdom,0,Negative
291,2019-11-18 15:11:05,Download fifth One UI 2 0 beta for the Galaxy S10e S10 and S10 ZSKF GalaxyS10 OneUI2 0 Android10  ,Unknown,0,Neutral
280,2019-11-18 17:00:01,Samsung has started rolling out its latest Android 10 based One UI 2 0 beta 4 update to its GalaxyS10 series SamsungIndia  ,Unknown,0,Positive
219,2019-11-19 08:54:57, Wallpapers homescreen lockscreen Background android Samsung gradient Google walls painter Pixel4 MacBookPro16 V1 MidnightGreen Private Disk N 0036 Wallpaper for GalaxyS10 GalaxyS10Plus gt gt Like Follow Retweet lt lt Prod By Hk3ToN  ,France,0,Neutral
221,2019-11-19 08:30:17,One Plus 7T Pro A Flagship Killer Is Back   OnePlus7TPro Flagship GalaxyS10 iPhoneXSMax OnePlus6T OnePlusOne 2019 QualcommSnapdragon  ,Pakistan,0,Neutral
285,2019-11-18 16:28:01,Here is the Amazing Feature of Official Samsung Galaxy A20s   MondayMotivation Samsung GalaxyNote10 Galaxy GalaxyS10Plus GalaxyA GalaxyFold GalaxyM30s GalaxyM30s GalaxyALife GalaxyS10 PhonesCounter,Canada,0,Positive
284,2019-11-18 16:29:41,Key Specs amp Features of Samsung Galaxy M10s Check out here   MondayMotivation Samsung GalaxyNote10 Galaxy GalaxyS10Plus GalaxyA GalaxyFold GalaxyM30s GalaxyM30s GalaxyALife GalaxyS10 PhonesCounter,Canada,0,Neutral
356,2019-11-17 15:15:00,College basketball GamblingTwitter FreePicks Galaxys10 sportsbetting cashoutdaily Sportsbettor NCAAB  ,Unknown,0,Neutral
357,2019-11-17 14:55:40,Help What s better the samsung galaxy watch or the samsung galaxy watch active2 SamsungMobile Samsung galaxywatch GalaxyS10 GalaxyWatchActive2,United States,0,Positive
140,2019-11-20 09:16:17, Wallpapers homescreen lockscreen Background android Samsung gradient Google walls painter Pixel4 Private Disk N 0039 Wallpaper for GalaxyS10 GalaxyS10Plus gt gt Like Follow Retweet lt lt Prod By Hk3ToN  ,France,0,Neutral
425,2019-11-16 15:13:55,live the moment forever with the galaxys10 SamsungMobile SamsungUS SamsungMobileUS  ,Unknown,0,Neutral
423,2019-11-16 16:25:03,My new weapon of choice samsung GalaxyS10 ee mobilephone mobilephotography technology  ,United Kingdom,0,Neutral
422,2019-11-16 16:32:12, schimahr I have the Samsung GalaxyS10 and it s easy to use Nothing crazy In fact it took me less time to set it up than when I upgraded from my iphone4 to 6 Plus And this was my switch from Apple to Android ,Canada,0,Neutral
142,2019-11-20 08:59:34, Wallpapers homescreen lockscreen Background android Samsung gradient Google walls free Pixel4 Public N 0022 Wallpaper for GalaxyS10 GalaxyS10Plus   gt gt Like Follow Retweet lt lt Prod By Hk3ToN  ,France,0,Neutral
419,2019-11-16 17:59:50,Galaxy S10 5G getting third One UI 2 0 beta update GalaxyS10 OneUI2 0 Android10  ,Unknown,0,Neutral
143,2019-11-20 08:29:07, Wallpapers homescreen lockscreen Background android Samsung gradient Google walls painter Pixel4 Private Disk N 0038 Wallpaper for GalaxyS10 GalaxyS10Plus gt gt Like Follow Retweet lt lt Prod By Hk3ToN  ,France,0,Neutral
414,2019-11-16 19:54:21, TMobile is maaad fake I lost my GalaxyS10 Customer care amp in store said oh if you had an iPhone you could locate it Google definitely tracked my phone All y all want is Greedy,Unknown,0,Neutral
413,2019-11-16 20:29:26, RODENT950 compare gpixel4 galaxys10 iphone11 huaweip30pro ,Belarus,0,Neutral
144,2019-11-20 08:28:28,Random thought really been enjoying the switch from my GalaxyS10 to this iPhone11ProMax The UI could use some minor tweaks but overall I remember why I had iOS in the first place,Unknown,0,Neutral
429,2019-11-16 13:45:15,The ultra compact design iPhone charger USB C Charger Anker 18W PIQ 3 0 FastCharger Adapter PowerPort III Nano USB C Wall Charger for iPhone11 11 Pro 11 Pro Max XR XS X GalaxyS10 S9 Pixel 3 2 iPadPro and More tech technology more  ,United States,0,Positive
130,2019-11-20 12:15:00, Samsung One UI 2 for Galaxy phones packs refinements like animated app icons Samsung s newest user interface is currently available in beta on GalaxyS10 amp GalaxyNote10 phones  ,Spain,0,Positive
447,2019-11-16 08:30:38,Hello Guys What s up Do you want to get a brand new Galaxy S10 Just click the below link amp follow the instruction collect 100 points You will get a brand new Samsung Galaxy S10 Cheers Click Now gt   Samsung GalaxyS10 samsunggalaxy mobile  ,Unknown,0,Neutral
129,2019-11-20 12:29:01, SamsungMobileSA the Galaxy S10 isn t playing games with the Ssm Super slow motion wish it was longer tho GalaxyS10  ,South Africa,0,Neutral
444,2019-11-16 09:13:53,Finally after much thought This is my long termer Can t wait to test the battery life and the Dolby Atmos speakers against the iPhone11ProMax and GalaxyS10 And of course 90HZ screen OnePlus7T  ,United Kingdom,0,Neutral
442,2019-11-16 09:46:53, Wallpapers homescreen lockscreen Background android Samsung gradient Google walls painter Pixel4 Private Disk N 0027 Wallpaper for GalaxyS10 GalaxyS10Plus gt gt Like Follow Retweet lt lt Prod By Hk3ToN  ,France,0,Neutral
441,2019-11-16 09:50:38, Wallpapers homescreen lockscreen Background android Samsung gradient Google walls painter Pixel4 Private Disk N 0028 Wallpaper for GalaxyS10 GalaxyS10Plus gt gt Like Follow Retweet lt lt Prod By Hk3ToN  ,France,0,Neutral
439,2019-11-16 10:33:18,How does the iPhone 11 stack up to the Samsung flagship device the Galaxy S10 Here is a in depth comparison so you can select which will be the right one for you   iphone11 GalaxyS10 comparison apple samsung Versus camera iOS Android,India,0,Neutral
137,2019-11-20 10:02:17,Get Exciting offers for Corporate Use your Official Email id to Unlock Exclusive Benefits 9902444422 9606444422 samsung galaxy galaxyS10 Note10 nightmode GalaxyAseries Aseries beyond Flagship mobile smartphone photo dowhatyoucant Samsungofficial Samsungindia  ,Unknown,0,Neutral
132,2019-11-20 11:53:39,Samsung S10 lite specs leaked samsung samsunggalaxy galaxys10 leaks  ,India,0,Neutral
133,2019-11-20 11:24:15,With the GalaxyS10 there are so many ways to capture my memories like a pro Be it HDR 10 videos super slow mo clips ultra wide landscapes or super night shots I am always ready for my next adventure ,Unknown,0,Neutral
436,2019-11-16 11:52:25,Welcome to the world of Galaxy Buy a GalaxyNote10 or GalaxyS10 and avail special offers Go ahead choose a combo you like and enjoy seamless connectivity always Buy now And more information Please Visit Phone World Camp Address Shop No 4 Aurora Towers Camp 9168637488  ,Unknown,0,Positive
136,2019-11-20 10:18:31,Hello Guys What s up Do you want to get a brand new Samsung Galaxy S10 Just click the below link and follow the instruction You will get a brand new Samsung Galaxy S10 Cheers Click Now gt   Samsung SamsungGalaxy GalaxyS10 mobile phones  ,Unknown,0,Neutral
410,2019-11-16 21:10:39,While I like my SamsungMobileUS GalaxyS10 I must say I hate this fucking curve screen Quite often I find myself pressing something on the screen when I try using it one handed Its fucking annoying ,Unknown,0,Negative
148,2019-11-20 07:33:01, protectyrbubble B4BF3 my most beloved gadget is my GalaxyS10 It s my camera my media centre My news outlet and my link to family and friends afar ,United Kingdom,0,Positive
169,2019-11-19 22:33:10,This city has given me so much to shoot is nuts galaxys10 lightroommobile Prague Czech Republic  ,United States,0,Neutral
378,2019-11-17 09:50:01, Wallpapers homescreen lockscreen Background android Samsung gradient Google walls painter Pixel4 Private Disk N 0029 Wallpaper for GalaxyS10 GalaxyS10Plus gt gt Like Follow Retweet lt lt Prod By Hk3ToN  ,France,0,Neutral
377,2019-11-17 09:51:51, Wallpapers homescreen lockscreen Background android Samsung gradient Google walls painter Pixel4 Private Disk N 0030 Wallpaper for GalaxyS10 GalaxyS10Plus gt gt Like Follow Retweet lt lt Prod By Hk3ToN  ,France,0,Neutral
375,2019-11-17 10:03:35, Wallpapers homescreen lockscreen Background android Samsung gradient Google walls painter Pixel4 Private Disk N 0031 Wallpaper for GalaxyS10 GalaxyS10Plus gt gt Like Follow Retweet lt lt Prod By Hk3ToN  ,France,0,Neutral
372,2019-11-17 10:18:52,Sorry I haven t posted a daily quote in sometime Just got a new phone GalaxyS10 galaxygang gg,United States,0,Neutral
371,2019-11-17 10:54:49, elainec5182 and I went off to Loch Leven last night to try both our phones night mode iPhone11 GalaxyS10  ,United Kingdom,0,Neutral
171,2019-11-19 21:36:03,don t have a Pixel Stadia via Chrome on my GalaxyS10 works like a champ ,Unknown,0,Neutral
174,2019-11-19 20:21:07,The full grain leather SFBags iPhone RANGER CASE keeps your phone by your side and your hands free   iPhone iPhoneXS iPhoneXSmax iPhone8plus GalaxyS10 Pixel3 GooglePixel iPhone XR Galaxy S10 MadeinAmerica iphonecase phonecase handmade  ,United States,0,Positive
175,2019-11-19 20:19:06,iPhone XR vs Galaxy S10 which is better  ,Finland,0,Positive
365,2019-11-17 12:40:38,Hi guys Special offer just click the below link and Signup Samsung Smartphone Offer samsunggalaxy GalaxyS10 SAMSUNG GalaxyS10 magic Offer LINK  ,United States,0,Positive
364,2019-11-17 12:50:48,Shot on GalaxyS10 Ultra wide,Japan,0,Neutral
176,2019-11-19 19:47:32, LETSGO SamsungMobileUS thank you for this beautiful piece of tech I feel like I m in the year 2045 withGalaxy GalaxyFold TeamGalaxy DoWhatYouCant SamsungMembers GalaxyS10 GalaxyS10Plus LoveforGalaxy Galaxy GalaxyNote10 GalaxyNotePlus Samsung  ,United States,0,Positive
164,2019-11-20 01:06:08,Camden Free Public Library library architecture camden abandonedplaces newjersey just newjersey jerseyshore njinbnw njspots supportnjlocal explorenj visitnj galaxys10 withgalaxy bnw bwphotography bnw planet whileworking picoftheday photooftheday  ,United States,0,Neutral
157,2019-11-20 05:32:27, SamsungCarnival on Flipkart Discount on GalaxyA50 cashback on GalaxyS10 GalaxyNote10 and others  ,India,0,Neutral
153,2019-11-20 06:42:00,Samsung Galaxy S10 tips and tricks GalaxyS10  ,India,0,Neutral
163,2019-11-20 02:20:16,This what im looking like i will update when the games over okay CASHOUTDAILYISAMFLIFESTYLE GamblingTwitter FreePicks Galaxys10 sportsbetting Sportsbettor  ,Unknown,0,Positive
395,2019-11-17 02:00:06,Ultra sonic fingerprint on GalaxyS10 WhitestoneDomeGlass definitely work Dome Glass with the very unique technology MKBHD   BTS ARMY JIN JUNGKOOK RM V JIMIN JHOPE SUGA BEST Screenprotector SHOP NOW gt  ,Unknown,0,Positive
392,2019-11-17 03:31:02,Hear TechBurstAsia s Gin amp Tonic podcast w Asia s device guru BryanBMa to find out his take on the latest smarthphones Apple iPhone11 Google Pixel4 Samsung GalaxyS10 Huawei mate30 amp find out which he finds relatively plain CRASingapore  ,Singapore,0,Neutral
162,2019-11-20 02:37:59, TMobile verizon ATT Apple Wi Fi Calling domainname for sale  Make calls with any Wi Fi connection WiFi wificalling TechNews phonepesupport tmobile att apple Verizon internet freecalling freecalls iPhone11Pro GalaxyS10 wifiteam,United States,0,Neutral
599,2019-11-15 02:07:20,Looking for a new premium Samsung Galaxy S10 phone case Supcase have a range of stylish but practical protection for your phone  ,United Kingdom,0,Positive
